LiczbaElementow,Czas
10,1e-06
1000,1.51e-05
10000,5.59e-05
100000,0.0006287
1000000,0.0026517
