LiczbaElementow,Czas
10,1.1e-06
1000,1.43e-05
10000,6.9e-05
100000,0.0006449
1000000,0.0027028
